{
    "parent": "block/orientable",
    "textures": {
        "top": "mcpatcher/cit/Blocos/supercompact/super_topo",
        "front": "mcpatcher/cit/Blocos/supercompact/super_frente",
        "side": "mcpatcher/cit/Blocos/supercompact/super_lado"
    },
    "display": {
        "thirdperson": {
            "rotation": [ 180, -45, 0 ],
            "translation": [ 0, 1, -2.5 ],
            "scale": [ 0.55, 0.55, 0.55 ]
        },
        "firstperson": {
            "rotation": [ 0, -180, 0 ],
            "scale": [ 1, 1, 1 ]
        }
    }
}